IMG3640DV,16:23:38
IMG3640DV,16:23:39
IMG3640DV,16:23:39
IMG3640DV,16:23:39
IMG3640DV,16:23:39
IMG3640DV,16:23:41
IMG3640DV,16:23:41
IMG3640DV,16:23:41
IMG3640DV,16:23:41
IMG3640DV,16:23:42
IMG3640DV,16:23:42
GREEN,16:27:55
GREEN,16:27:55
GREEN,16:27:55
GREEN,16:27:55
GREEN,16:27:55
GREEN,16:27:55
GREEN,16:27:55
GREEN,16:27:55
GREEN,16:27:55
GREEN,16:27:55
GREEN,16:27:55
GREEN,16:27:55
GREEN,16:27:55
MYPASSPORTPHOTO,16:27:55
MYPASSPORTPHOTO,16:27:55
MYPASSPORTPHOTO,16:27:55
MYPASSPORTPHOTO,16:27:55
MYPASSPORTPHOTO,16:27:55
MYPASSPORTPHOTO,16:27:55
MYPASSPORTPHOTO,16:27:55
MYPASSPORTPHOTO,16:27:55
MYPASSPORTPHOTO,16:27:55
MYPASSPORTPHOTO,16:27:55
MYPASSPORTPHOTO,16:27:55
MYPASSPORTPHOTO,16:27:55
MYPASSPORTPHOTO,16:27:55
MYPASSPORTPHOTO,16:27:55
MYPASSPORTPHOTO,16:27:55
MYPASSPORTPHOTO,16:27:55
MYPASSPORTPHOTO,16:27:55
MYPASSPORTPHOTO,16:27:55
MYPASSPORTPHOTO,16:27:55
MYPASSPORTPHOTO,16:27:55
MYPASSPORTPHOTO,16:27:55
MYPASSPORTPHOTO,16:27:55
MYPASSPORTPHOTO,16:27:55
MYPASSPORTPHOTO,16:27:55
MYPASSPORTPHOTO,16:27:55
MYPASSPORTPHOTO,16:27:55
MYPASSPORTPHOTO,16:46:47
MYPASSPORTPHOTO,16:46:47
MYPASSPORTPHOTO,16:46:47
MYPASSPORTPHOTO,16:46:47
MYPASSPORTPHOTO,16:46:47
MYPASSPORTPHOTO,16:46:47
MYPASSPORTPHOTO,16:46:47
MYPASSPORTPHOTO,16:46:47
MYPASSPORTPHOTO,16:46:47
MYPASSPORTPHOTO,16:46:47
MYPASSPORTPHOTO,16:46:47
MYPASSPORTPHOTO,16:46:47
MYPASSPORTPHOTO,16:46:47
MYPASSPORTPHOTO,16:46:47
MYPASSPORTPHOTO,16:46:47
MYPASSPORTPHOTO,16:46:47
MYPASSPORTPHOTO,16:46:47
MYPASSPORTPHOTO,16:46:47
MYPASSPORTPHOTO,16:46:47
MYPASSPORTPHOTO,16:46:47
MYPASSPORTPHOTO,16:46:47
MYPASSPORTPHOTO,16:46:47
MYPASSPORTPHOTO,16:46:47
MYPASSPORTPHOTO,16:46:47
MYPASSPORTPHOTO,16:46:47
MYPASSPORTPHOTO,16:46:47
IMG3640DV,16:46:48
IMG3640DV,16:46:48
IMG3640DV,16:46:49
IMG3640DV,16:46:49
IMG3640DV,16:46:50
IMG3640DV,16:46:50
IMG3640DV,16:48:12
IMG3640DV,16:48:12
IMG3640DV,16:48:15
IMG3640DV,16:48:15
